{"stat.flyOneCm":38969,"stat.useItem.minecraft.totem_of_undying":1,"stat.walkOneCm":3334,"stat.jump":78,"stat.playOneMinute":4118,"stat.fallOneCm":8438,"stat.pickup.minecraft.beef":3,"stat.killEntity.Sheep":10,"stat.sneakTime":226,"stat.pickup.minecraft.wool":10,"stat.pickup.minecraft.leather":2,"stat.damageTaken":230,"stat.damageDealt":990,"stat.crouchOneCm":247,"stat.timeSinceDeath":4118,"stat.killEntity.Cow":2,"stat.sprintOneCm":5945,"stat.mobKills":12,"stat.mineBlock.minecraft.tallgrass":2,"stat.useItem.minecraft.diamond_sword":21,"stat.pickup.minecraft.mutton":9,"stat.useItem.minecraft.beef":5}