{"stat.useItem.minecraft.totem_of_undying":1,"stat.walkOneCm":3966,"stat.damageTaken":289,"stat.useItem.minecraft.end_crystal":2,"stat.mobKills":1,"stat.killEntity.Creeper":1,"stat.useItem.minecraft.diamond_sword":3,"stat.useItem.minecraft.beef":1,"stat.flyOneCm":57968,"stat.jump":86,"stat.swimOneCm":131,"stat.playOneMinute":4760,"stat.fallOneCm":8599,"stat.sneakTime":40,"stat.damageDealt":200,"stat.crouchOneCm":318,"stat.timeSinceDeath":4760,"stat.sprintOneCm":6200,"stat.useItem.minecraft.spawn_egg":2}