{"stat.pickup.minecraft.rotten_flesh":13,"stat.killEntity.Skeleton":3,"stat.useItem.minecraft.totem_of_undying":2,"stat.walkOneCm":12081,"stat.pickup.minecraft.bone":2,"stat.pickup.minecraft.arrow":2,"stat.damageTaken":506,"stat.killEntity.Spider":3,"stat.pickup.minecraft.leather":11,"stat.useItem.minecraft.diamond_axe":11,"stat.useItem.minecraft.end_crystal":13,"stat.killEntity.Endermite":1,"stat.killEntity.Enderman":1,"stat.mobKills":26,"stat.killEntity.Creeper":1,"stat.useItem.minecraft.diamond_sword":52,"stat.useItem.minecraft.beef":7,"stat.killEntity.Llama":6,"stat.pickup.minecraft.string":5,"stat.flyOneCm":85676,"stat.pickup.minecraft.diamond_sword":1,"stat.useItem.minecraft.ender_pearl":1,"stat.jump":262,"stat.playOneMinute":6751,"stat.fallOneCm":12349,"stat.pickup.minecraft.beef":4,"stat.killEntity.Sheep":1,"stat.sneakTime":26,"stat.pickup.minecraft.wool":1,"stat.damageDealt":3881,"stat.killEntity.Zombie":3,"stat.timeSinceDeath":6751,"stat.useItem.minecraft.obsidian":22,"stat.pickup.minecraft.ender_pearl":1,"stat.pickup.minecraft.dirt":19,"stat.killEntity.Cow":5,"stat.mineBlock.minecraft.dirt":17,"stat.sprintOneCm":13962,"stat.useItem.minecraft.spawn_egg":16,"stat.pickup.minecraft.mutton":2}