{"stat.pickup.minecraft.rotten_flesh":26,"stat.useItem.minecraft.totem_of_undying":1,"stat.walkOneCm":13358,"stat.leaveGame":1,"stat.pickup.minecraft.diamond_helmet":1,"stat.damageTaken":926,"stat.pickup.minecraft.leather":16,"stat.useItem.minecraft.end_crystal":77,"stat.pickup.minecraft.end_crystal":575,"stat.mobKills":2,"stat.pickup.minecraft.obsidian":64,"stat.pickup.minecraft.diamond_chestplate":1,"stat.pickup.minecraft.diamond_boots":1,"stat.pickup.minecraft.diamond_leggings":1,"stat.pickup.minecraft.spawn_egg":63,"stat.pickup.minecraft.log":1,"stat.flyOneCm":66781,"stat.deaths":1,"stat.jump":65,"stat.playOneMinute":13058,"stat.fallOneCm":1977,"stat.pickup.minecraft.beef":34,"stat.sneakTime":16,"stat.damageDealt":15,"stat.timeSinceDeath":3708,"stat.useItem.minecraft.obsidian":18,"stat.pickup.minecraft.dirt":4,"stat.sprintOneCm":7555,"stat.useItem.minecraft.spawn_egg":91}