{"stat.pickup.minecraft.rotten_flesh":2,"stat.pickup.minecraft.string":1,"stat.flyOneCm":30887,"stat.killEntity.Skeleton":1,"stat.walkOneCm":5560,"stat.jump":112,"stat.playOneMinute":3361,"stat.fallOneCm":3139,"stat.killEntity.Sheep":1,"stat.useItem.minecraft.cooked_beef":2,"stat.sneakTime":4,"stat.pickup.minecraft.arrow":1,"stat.damageTaken":19,"stat.killEntity.Spider":4,"stat.pickup.minecraft.gunpowder":2,"stat.damageDealt":1520,"stat.crouchOneCm":27,"stat.killEntity.Zombie":1,"stat.timeSinceDeath":3361,"stat.sprintOneCm":17865,"stat.mobKills":9,"stat.killEntity.Creeper":2,"stat.useItem.minecraft.diamond_sword":26}