{"stat.pickup.minecraft.string":2,"stat.flyOneCm":23930,"stat.walkOneCm":2846,"stat.jump":97,"stat.playOneMinute":2764,"stat.fallOneCm":4771,"stat.pickup.minecraft.beef":2,"stat.killEntity.Sheep":6,"stat.sneakTime":30,"stat.pickup.minecraft.wool":6,"stat.damageTaken":194,"stat.killEntity.Spider":1,"stat.damageDealt":1140,"stat.crouchOneCm":74,"stat.killEntity.Zombie":1,"stat.timeSinceDeath":2764,"stat.pickup.minecraft.spider_eye":1,"stat.killEntity.Cow":1,"stat.sprintOneCm":15173,"stat.mobKills":10,"stat.killEntity.Creeper":1,"stat.useItem.minecraft.diamond_sword":20,"stat.pickup.minecraft.mutton":11}