{"stat.walkOneCm":5852,"stat.pickup.minecraft.wooden_axe":1,"stat.damageTaken":40,"stat.mineBlock.minecraft.yellow_flower":1,"stat.mobKills":5,"stat.flyOneCm":40268,"stat.useItem.minecraft.mutton":7,"stat.drop":1,"stat.pickup.minecraft.wheat_seeds":1,"stat.jump":131,"stat.swimOneCm":54,"stat.playOneMinute":3421,"stat.fallOneCm":3309,"stat.killEntity.Sheep":5,"stat.sneakTime":56,"stat.pickup.minecraft.wool":4,"stat.damageDealt":400,"stat.crouchOneCm":166,"stat.useItem.minecraft.wool":1,"stat.timeSinceDeath":3421,"stat.useItem.minecraft.wooden_axe":13,"stat.pickup.minecraft.yellow_flower":1,"stat.pickup.minecraft.dirt":2,"stat.useItem.minecraft.dirt":1,"stat.sprintOneCm":22373,"stat.mineBlock.minecraft.dirt":2,"stat.useItem.minecraft.stone_slab2":2,"stat.mineBlock.minecraft.tallgrass":1,"stat.drop.minecraft.wooden_axe":1,"stat.diveOneCm":704,"stat.pickup.minecraft.mutton":8}