{"stat.killEntity.Llama":13,"stat.flyOneCm":62722,"stat.killEntity.Skeleton":1,"stat.walkOneCm":9744,"stat.pickup.minecraft.bone":1,"stat.jump":219,"stat.swimOneCm":336,"stat.playOneMinute":7209,"stat.fallOneCm":4523,"stat.killEntity.Sheep":1,"stat.pickup.minecraft.arrow":1,"stat.sneakTime":22,"stat.pickup.minecraft.wool":1,"stat.pickup.minecraft.leather":10,"stat.damageTaken":150,"stat.damageDealt":3300,"stat.crouchOneCm":48,"stat.killEntity.Wolf":2,"stat.timeSinceDeath":7209,"stat.useItem.minecraft.wooden_axe":78,"stat.sprintOneCm":13271,"stat.mobKills":17,"stat.pickup.minecraft.mutton":1}