{
  "minecraft:recipes/redstone/tnt": {
    "criteria": {
      "has_gunpowder": "2022-03-08 19:26:47 -0500"
    },
    "done": true
  },
  "minecraft:adventure/root": {
    "criteria": {
      "killed_something": "2022-03-08 19:26:47 -0500"
    },
    "done": true
  },
  "minecraft:adventure/kill_a_mob": {
    "criteria": {
      "creeper": "2022-03-08 19:26:47 -0500"
    },
    "done": true
  },
  "minecraft:adventure/kill_all_mobs": {
    "criteria": {
      "creeper": "2022-03-08 19:26:47 -0500"
    },
    "done": false
  },
  "minecraft:adventure/adventuring_time": {
    "criteria": {
      "forest": "2022-03-08 19:26:58 -0500",
      "extreme_hills": "2022-03-08 19:26:41 -0500"
    },
    "done": false
  }
}