{
  "minecraft:recipes/transportation/acacia_boat": {
    "criteria": {
      "entered_water": "2022-03-12 13:51:49 -0500"
    },
    "done": true
  },
  "minecraft:recipes/transportation/dark_oak_boat": {
    "criteria": {
      "entered_water": "2022-03-12 13:51:49 -0500"
    },
    "done": true
  },
  "minecraft:recipes/transportation/birch_boat": {
    "criteria": {
      "entered_water": "2022-03-12 13:51:49 -0500"
    },
    "done": true
  },
  "minecraft:recipes/transportation/boat": {
    "criteria": {
      "entered_water": "2022-03-12 13:51:49 -0500"
    },
    "done": true
  },
  "minecraft:recipes/transportation/jungle_boat": {
    "criteria": {
      "entered_water": "2022-03-12 13:51:49 -0500"
    },
    "done": true
  },
  "minecraft:recipes/transportation/spruce_boat": {
    "criteria": {
      "entered_water": "2022-03-12 13:51:49 -0500"
    },
    "done": true
  },
  "minecraft:adventure/adventuring_time": {
    "criteria": {
      "forest": "2022-03-12 13:51:49 -0500",
      "taiga": "2022-03-12 13:50:57 -0500",
      "river": "2022-03-12 13:53:18 -0500"
    },
    "done": false
  }
}