{
  "minecraft:recipes/tools/flint_and_steel": {
    "criteria": {
      "has_obsidian": "2022-03-13 09:47:46 -0400"
    },
    "done": true
  },
  "minecraft:recipes/building_blocks/spruce_planks": {
    "criteria": {
      "has_log": "2022-03-13 09:47:46 -0400"
    },
    "done": true
  },
  "minecraft:recipes/decorations/item_frame": {
    "criteria": {
      "has_leather": "2022-03-13 09:47:46 -0400"
    },
    "done": true
  },
  "minecraft:recipes/combat/leather_chestplate": {
    "criteria": {
      "has_leather": "2022-03-13 09:47:46 -0400"
    },
    "done": true
  },
  "minecraft:husbandry/root": {
    "criteria": {
      "consumed_item": "2022-03-13 09:48:45 -0400"
    },
    "done": true
  },
  "minecraft:recipes/transportation/dark_oak_boat": {
    "criteria": {
      "entered_water": "2022-03-13 10:19:20 -0400"
    },
    "done": true
  },
  "minecraft:recipes/decorations/chest": {
    "criteria": {
      "has_lots_of_items": "2022-03-13 09:47:46 -0400"
    },
    "done": true
  },
  "minecraft:story/shiny_gear": {
    "criteria": {
      "diamond_leggings": "2022-03-13 09:47:46 -0400",
      "diamond_helmet": "2022-03-13 09:47:46 -0400",
      "diamond_chestplate": "2022-03-13 09:47:46 -0400",
      "diamond_boots": "2022-03-13 09:47:46 -0400"
    },
    "done": true
  },
  "minecraft:recipes/transportation/birch_boat": {
    "criteria": {
      "entered_water": "2022-03-13 10:19:20 -0400"
    },
    "done": true
  },
  "minecraft:recipes/decorations/enchanting_table": {
    "criteria": {
      "has_obsidian": "2022-03-13 09:47:46 -0400"
    },
    "done": true
  },
  "minecraft:recipes/transportation/acacia_boat": {
    "criteria": {
      "entered_water": "2022-03-13 10:19:20 -0400"
    },
    "done": true
  },
  "minecraft:adventure/totem_of_undying": {
    "criteria": {
      "used_totem": "2022-03-13 09:48:22 -0400"
    },
    "done": true
  },
  "minecraft:husbandry/balanced_diet": {
    "criteria": {
      "beef": "2022-03-13 09:48:45 -0400"
    },
    "done": false
  },
  "minecraft:recipes/transportation/boat": {
    "criteria": {
      "entered_water": "2022-03-13 10:19:20 -0400"
    },
    "done": true
  },
  "minecraft:recipes/combat/leather_boots": {
    "criteria": {
      "has_leather": "2022-03-13 09:47:46 -0400"
    },
    "done": true
  },
  "minecraft:story/form_obsidian": {
    "criteria": {
      "obsidian": "2022-03-13 09:47:46 -0400"
    },
    "done": true
  },
  "minecraft:recipes/transportation/jungle_boat": {
    "criteria": {
      "entered_water": "2022-03-13 10:19:20 -0400"
    },
    "done": true
  },
  "minecraft:recipes/combat/leather_helmet": {
    "criteria": {
      "has_leather": "2022-03-13 09:47:46 -0400"
    },
    "done": true
  },
  "minecraft:recipes/transportation/spruce_boat": {
    "criteria": {
      "entered_water": "2022-03-13 10:19:20 -0400"
    },
    "done": true
  },
  "minecraft:recipes/combat/leather_leggings": {
    "criteria": {
      "has_leather": "2022-03-13 09:47:46 -0400"
    },
    "done": true
  },
  "minecraft:adventure/adventuring_time": {
    "criteria": {
      "taiga": "2022-03-13 09:47:46 -0400"
    },
    "done": false
  }
}