{
  "minecraft:recipes/tools/flint_and_steel": {
    "criteria": {
      "has_obsidian": "2022-03-12 14:47:05 -0500"
    },
    "done": true
  },
  "minecraft:recipes/building_blocks/spruce_planks": {
    "criteria": {
      "has_log": "2022-03-12 14:47:05 -0500"
    },
    "done": true
  },
  "minecraft:story/shiny_gear": {
    "criteria": {
      "diamond_leggings": "2022-03-12 14:47:05 -0500",
      "diamond_helmet": "2022-03-12 14:47:05 -0500",
      "diamond_chestplate": "2022-03-12 14:47:05 -0500",
      "diamond_boots": "2022-03-12 14:47:05 -0500"
    },
    "done": true
  },
  "minecraft:story/form_obsidian": {
    "criteria": {
      "obsidian": "2022-03-12 14:47:05 -0500"
    },
    "done": true
  },
  "minecraft:recipes/decorations/enchanting_table": {
    "criteria": {
      "has_obsidian": "2022-03-12 14:47:05 -0500"
    },
    "done": true
  },
  "minecraft:adventure/adventuring_time": {
    "criteria": {
      "taiga": "2022-03-12 14:47:05 -0500"
    },
    "done": false
  }
}